{
  "camera_K": [
    [
      406.3486022949219,
      0.0,
      252.0
    ],
    [
      0.0,
      409.1632080078125,
      140.0
    ],
    [
      0.0,
      0.0,
      1.0
    ]
  ],
  "keyframes": [
    {
      "id": 0,
      "file": "kf000000.npz",
      "pose_c2w": [
        [
          0.9160556194966458,
          0.10049069539282572,
          -0.38825728857045677,
          -0.15907569034801985
        ],
        [
          -0.1280425550802253,
          0.9907160347246362,
          -0.04568197268093004,
          0.06940705352687569
        ],
        [
          0.380062108183839,
          0.09156068304113989,
          0.9204180763348228,
          0.2862163176877805
        ],
        [
          0.0,
          0.0,
          0.0,
          1.0
        ]
      ]
    }
  ]
}